sepal_length_scaled,sepal_width_scaled,petal_length_scaled,petal_width_scaled,class_label
51,35,14,2,0
70,32,47,14,1
63,33,60,25,2
49,30,14,2,0
64,32,45,15,1
58,27,51,19,2
47,32,13,2,0
69,31,49,15,1
71,30,59,21,2
46,31,15,2,0
55,23,40,13,1
63,29,56,18,2
50,36,14,2,0
65,28,46,15,1
65,30,58,22,2
54,39,17,4,0
57,28,45,13,1
76,30,66,21,2
46,34,14,3,0
63,33,47,16,1
49,25,45,17,2
50,34,15,2,0
49,24,33,10,1
73,29,63,18,2
44,29,14,2,0
66,29,46,13,1
67,25,58,18,2
49,31,15,1,0
52,27,39,14,1
72,36,61,25,2
54,37,15,2,0
50,20,35,10,1
65,32,51,20,2
48,34,16,2,0
59,30,42,15,1
64,27,53,19,2
48,30,14,1,0
60,22,40,10,1
68,30,55,21,2
43,30,11,1,0
61,29,47,14,1
57,25,50,20,2
58,40,12,2,0
56,29,36,13,1
58,28,51,24,2
57,44,15,4,0
67,31,44,14,1
64,32,53,23,2
54,39,13,4,0
56,30,45,15,1
65,30,55,18,2
51,35,14,3,0
58,27,41,10,1
77,38,67,22,2
57,38,17,3,0
62,22,45,15,1
77,26,69,23,2
51,38,15,3,0
56,25,39,11,1
60,22,50,15,2
54,34,17,2,0
59,32,48,18,1
69,32,57,23,2
51,37,15,4,0
61,28,40,13,1
56,28,49,20,2
46,36,10,2,0
63,25,49,15,1
77,28,67,20,2
51,33,17,5,0
61,28,47,12,1
63,27,49,18,2
48,34,19,2,0
64,29,43,13,1
67,33,57,21,2
50,30,16,2,0
66,30,44,14,1
72,32,60,18,2
50,34,16,4,0
68,28,48,14,1
62,28,48,18,2
52,35,15,2,0
67,30,50,17,1
61,30,49,18,2
52,34,14,2,0
60,29,45,15,1
64,28,56,21,2
47,32,16,2,0
57,26,35,10,1
72,30,58,16,2
48,31,16,2,0
55,24,38,11,1
74,28,61,19,2
54,34,15,4,0
55,24,37,10,1
79,38,64,20,2
52,41,15,1,0
58,27,39,12,1
64,28,56,22,2
55,42,14,2,0
60,27,51,16,1
63,28,51,15,2
49,31,15,2,0
54,30,45,15,1
61,26,56,14,2
50,32,12,2,0
60,34,45,16,1
77,30,61,23,2
55,35,13,2,0
67,31,47,15,1
63,34,56,24,2
49,36,14,1,0
63,23,44,13,1
64,31,55,18,2
44,30,13,2,0
56,30,41,13,1
60,30,48,18,2
51,34,15,2,0
55,25,40,13,1
69,31,54,21,2
50,35,13,3,0
55,26,44,12,1
67,31,56,24,2
45,23,13,3,0
61,30,46,14,1
69,31,51,23,2
44,32,13,2,0
58,26,40,12,1
58,27,51,19,2
50,35,16,6,0
50,23,33,10,1
68,32,59,23,2
51,38,19,4,0
56,27,42,13,1
67,33,57,25,2
48,30,14,3,0
57,30,42,12,1
67,30,52,23,2
51,38,16,2,0
57,29,42,13,1
63,25,50,19,2
46,32,14,2,0
62,29,43,13,1
65,30,52,20,2
53,37,15,2,0
51,25,30,11,1
62,34,54,23,2
50,33,14,2,0
57,28,41,13,1
59,30,51,18,2
